Date,Confirmed,Recovered,Deaths,Increase rate,NewCases,PredictedNewCases
2020-01-22,557,30,17,0.0,0.0,208271.68051118415
2020-01-23,657,32,18,17.953321364452425,100.0,208271.87085607302
2020-01-24,944,39,26,43.68340943683409,287.0,208272.4171459041
2020-01-25,1437,42,42,52.22457627118644,493.0,208273.35554620626
2020-01-26,2120,56,56,47.52957550452332,683.0,208274.65560179728
2020-01-27,2929,65,82,38.16037735849056,809.0,208276.19549194828
2020-01-28,5580,108,131,90.5087060430181,2651.0,208281.24153495237
2020-01-29,6169,127,133,10.555555555555555,589.0,208282.36266634785
2020-01-30,8237,145,171,33.52245096449992,2068.0,208286.2989986498
2020-01-31,9927,225,213,20.51717858443608,1690.0,208289.5158272718
2020-02-01,12038,287,259,21.2652362244384,2111.0,208293.53400787598
2020-02-02,16787,476,362,39.45007476324971,4749.0,208302.57348664867
2020-02-03,19887,627,426,18.466670637993683,3100.0,208308.47417820382
2020-02-04,23899,857,492,20.173983003972445,4012.0,208316.11081514554
2020-02-05,27644,1130,564,15.670111720155656,3745.0,208323.23923123392
2020-02-06,30806,1493,634,11.438286789176674,3162.0,208329.25793662018
2020-02-07,34400,2016,719,11.666558462637148,3594.0,208336.09893192636
2020-02-08,37131,2617,806,7.938953488372093,2731.0,208341.29725084157
2020-02-09,40162,3247,906,8.162990493118958,3031.0,208347.0666044234
2020-02-10,42771,3949,1013,6.496190428763509,2609.0,208352.03270257416
2020-02-11,44814,4684,1113,4.77660096794557,2043.0,208355.92144865388
2020-02-12,45232,5151,1118,0.932744231713304,418.0,208356.7170902894
2020-02-13,60384,6294,1371,33.49840820657941,15152.0,208385.55814785184
2020-02-14,66912,8061,1523,10.81081081081081,6528.0,208397.98386219767
2020-02-15,69055,9397,1666,3.202714012434242,2143.0,208402.06295316626
2020-02-16,71238,10867,1770,3.1612482803562383,2183.0,208406.21818209044
2020-02-17,73273,12587,1868,2.856621466071479,2035.0,208410.09170057904
2020-02-18,75155,14352,2008,2.568476792270004,1882.0,208413.67399138768
2020-02-19,75655,16123,2123,0.6652917304237909,500.0,208414.62571583208
2020-02-20,76216,18181,2248,0.7415240235278567,561.0,208415.69355065867
2020-02-21,76846,18894,2252,0.8265980896399705,630.0,208416.8927234586
2020-02-22,78608,22892,2459,2.292897483278245,1762.0,208420.24660040057
2020-02-23,78990,23397,2470,0.4859556279259108,382.0,208420.97371787607
2020-02-24,79558,25229,2630,0.7190783643499177,568.0,208422.0548768449
2020-02-25,80412,27907,2710,1.0734307046431537,854.0,208423.6804221959
2020-02-26,81385,30388,2771,1.2100184052131524,973.0,208425.53247796465
2020-02-27,82730,33282,2814,1.6526386926337775,1345.0,208428.09261672004
2020-02-28,84154,36714,2873,1.7212619364196786,1424.0,208430.80312793763
2020-02-29,86030,39785,2943,2.229246381633672,1876.0,208434.37399805294
2020-03-01,88410,42721,2997,2.7664768104149715,2380.0,208438.9042064082
2020-03-02,90393,45605,3086,2.2429589412962336,1983.0,208442.6787455546
2020-03-03,93004,48227,3160,2.8884980031639618,2611.0,208447.64865060314
2020-03-04,95329,51170,3255,2.499892477742893,2325.0,208452.0741692695
2020-03-05,98046,53796,3348,2.850129551343243,2717.0,208457.24583990025
2020-03-06,101976,55864,3461,4.008322624074414,3930.0,208464.72639403306
2020-03-07,106122,58358,3566,4.065662508825605,4146.0,208472.61809312584
2020-03-08,109972,60695,3807,3.627899964192157,3850.0,208479.94637134756
2020-03-09,114299,62495,3997,3.934637907831085,4327.0,208488.18259468922
2020-03-10,119108,64402,4273,4.207385891390126,4809.0,208497.33628039525
2020-03-11,126628,66999,4618,6.313597743224636,7520.0,208511.65021603872
2020-03-12,133383,68328,4930,5.334523170230913,6755.0,208524.50801328226
2020-03-13,146673,70255,5420,9.963788488787928,13290.0,208549.80484901386
2020-03-14,157617,72622,5843,7.461495980855372,10944.0,208570.63619365243
2020-03-15,168876,76031,6496,7.143265003140524,11259.0,208592.06712469095
2020-03-16,183394,78086,7178,8.59684028517966,14518.0,208619.70139565793
2020-03-17,198691,80830,7989,8.341058049881674,15297.0,208648.81845330927
2020-03-18,216348,83317,8907,8.886663210714124,17657.0,208682.42765033807
2020-03-19,243464,84958,10017,12.533510825152067,27116.0,208734.04157040562
2020-03-20,273008,87403,11504,12.134853612854467,29544.0,208790.27706437506
2020-03-21,305423,91650,13233,11.873278438727072,32415.0,208851.97736010415
2020-03-22,339895,97867,14919,11.28664180497212,34472.0,208917.5930501974
2020-03-23,382799,98355,16886,12.622721722885007,42904.0,208999.25862132065
2020-03-24,424883,107974,19201,10.993759126852472,42084.0,209079.36336435514
2020-03-25,475998,113753,22022,12.03037071382004,51115.0,209176.658154304
2020-03-26,537412,122125,25058,12.902155051071643,61414.0,209293.55656435815
2020-03-27,601349,130910,28538,11.89720363519981,63937.0,209415.25737595867
2020-03-28,670495,139421,32374,11.498480915408525,69146.0,209546.8732528207
2020-03-29,726726,148877,35838,8.386490577856657,56231.0,209653.9060872844
2020-03-30,791975,164213,39895,8.978487077660631,65249.0,209778.104223827
2020-03-31,870403,177803,44661,9.9028378421036,78428.0,209927.38791327446
2020-04-01,951968,193075,50714,9.37094656153529,81565.0,210082.642721886
2020-04-02,1034275,210218,56593,8.645983898618441,82307.0,210239.30988957296
2020-04-03,1118277,225640,62818,8.12182446641367,84002.0,210399.2034031264
2020-04-04,1178363,246052,68781,5.373087347768039,60086.0,210513.57403305627
2020-04-05,1250388,259888,74091,6.112293070980674,72025.0,210650.66993926905
2020-04-06,1324899,276597,79957,5.959030316989606,74511.0,210792.49781941928
2020-04-07,1393878,299859,88306,5.20635912624283,68979.0,210923.7958203169
2020-04-08,1475875,328741,95132,5.882652570741485,81997.0,211079.87291884836
2020-04-09,1562641,353995,103003,5.878953163377657,86766.0,211245.02756513032
2020-04-10,1649186,375733,110565,5.538380216569257,86545.0,211409.76154920785
2020-04-11,1724605,401983,117084,4.5731045497597,75419.0,211553.31776094905
2020-04-12,1843412,421366,122922,6.888939786211916,118807.0,211779.46081307568
2020-04-13,1915034,448623,128975,3.885295311086181,71622.0,211915.7896293863
2020-04-14,1999558,473697,136189,4.413707537307432,84524.0,212076.67674325965
2020-04-15,2077371,510236,144551,3.891510023715241,77813.0,212224.78981164057
2020-04-16,2171785,541119,152026,4.5448790803376005,94414.0,212404.50203502373
2020-04-17,2259607,567303,160597,4.043770446890461,87822.0,212571.6667233322
2020-04-18,2337796,591169,166983,3.460291988828146,78189.0,212720.49548849527
2020-04-19,2414457,622952,172419,3.279199724869065,76661.0,212866.41578375633
2020-04-20,2490365,645130,178322,3.143895294055765,75908.0,213010.90278200415
2020-04-21,2566638,679932,185709,3.062723737283491,76273.0,213156.08453909637
2020-04-22,2648575,710017,192772,3.1923863045743106,81937.0,213312.0474306945
2020-04-23,2731191,738747,199676,3.11926224479201,82616.0,213469.30276408812
2020-04-24,2815227,788776,206617,3.0768994186052896,84036.0,213629.26099490374
2020-04-25,2898734,816531,212567,2.9662616904427246,83507.0,213788.21230125724
2020-04-26,2969606,845343,216860,2.4449294071135883,70872.0,213923.11353090126
2020-04-27,3040528,873227,221730,2.388262954748879,70922.0,214058.10993298976
2020-04-28,3116384,906439,228524,2.4948298453426507,75856.0,214202.49795189535
2020-04-29,3193728,948516,235484,2.481850760368427,77344.0,214349.7183027474
2020-04-30,3277569,1013632,241546,2.625176596128412,83841.0,214509.30536102975
2020-05-01,3366610,1051789,247086,2.716678123328601,89041.0,214678.79035353364
2020-05-02,3444964,1092440,252954,2.327385708472321,78354.0,214827.93318776335
2020-05-03,3519125,1124973,256815,2.152736574315435,74161.0,214969.09486080252
2020-05-04,3596510,1159059,261181,2.198984122473626,77385.0,215116.393253059
2020-05-05,3676149,1195532,267419,2.2143411251463223,79639.0,215267.9820191108
2020-05-06,3766683,1241651,274166,2.462740220812595,90534.0,215440.30886080558
2020-05-07,3855364,1281176,279841,2.354352622718716,88681.0,215609.1086117095
2020-05-08,3945797,1317589,285765,2.345641034153973,90433.0,215781.24320506654
2020-05-09,4030371,1371030,290382,2.143394604436062,84574.0,215942.22549138434
2020-05-10,4105624,1404839,294434,1.8671482104252928,75253.0,216085.46573061
2020-05-11,4181600,1451724,298258,1.8505347786353548,75976.0,216230.08216338226
2020-05-12,4266957,1488766,304137,2.0412521522862064,85357.0,216392.55485017993
2020-05-13,4351290,1544638,309590,1.97642019828182,84333.0,216553.07840531555
2020-05-14,4446959,1584349,315235,2.198635347218871,95669.0,216735.17945705412
2020-05-15,4543310,1632452,320957,2.1666716513464594,96351.0,216918.5786609348
2020-05-16,4637421,1688863,325507,2.0714192956236754,94111.0,217097.71413930468
2020-05-17,4715829,1729871,329094,1.6907673467645057,78408.0,217246.95975977439
2020-05-18,4804897,1782787,333226,1.8887029194654852,89068.0,217416.49614539827
2020-05-19,4900710,1834839,338357,1.994069800039418,95813.0,217598.87129377679
2020-05-20,5006099,1893809,343748,2.1504843175784734,105389.0,217799.4738687141
2020-05-21,5111870,1945029,348701,2.112842754408173,105771.0,218000.80356112687
2020-05-22,5219114,2053576,354391,2.097940675330163,107244.0,218204.9370337528
2020-05-23,5323547,2108410,358772,2.000971812457057,104433.0,218403.71991155244
2020-05-24,5416801,2163937,362256,1.7517268092119782,93254.0,218581.22413422464
2020-05-25,5504948,2227666,363762,1.6272888740051554,88147.0,218749.00744342196
2020-05-26,5597804,2282818,368384,1.6867734263793228,92856.0,218925.75409343647
2020-05-27,5700330,2346145,373744,1.831539653764226,102526.0,219120.90709420523
2020-05-28,5819995,2413008,378794,2.099264428550628,119665.0,219348.68330547842
2020-05-29,5941625,2490273,383955,2.0898643383714246,121630.0,219580.199793818
2020-05-30,6077041,2560723,388246,2.2791071466139314,135416.0,219837.95722853803
2020-05-31,6180061,2637107,391387,1.6952329266825747,103020.0,220034.05053305783
2020-06-01,6280296,2692032,395023,1.6219095572034,100235.0,220224.84273242246
2020-06-02,6403453,2796144,400307,1.961006296518508,123157.0,220459.2657872152
2020-06-03,6514705,2875235,405976,1.7373751318234083,111252.0,220671.02828298727
2020-06-04,6652817,2945305,411408,2.12000389887186,138112.0,220933.91741591136
2020-06-05,6786463,3014470,416538,2.0088633130897784,133646.0,221188.30574609828
2020-06-06,6915945,3086674,420638,1.907945272817372,129482.0,221434.7681151124
2020-06-07,7026914,3141783,423764,1.6045384976311985,110969.0,221645.99193484895
2020-06-08,7129985,3293394,428095,1.4668032083500666,103071.0,221842.1823152621
2020-06-09,7256297,3375664,433202,1.7715605292297247,126312.0,222082.61075129887
2020-06-10,7393421,3454835,438638,1.889724194034505,137124.0,222343.61927672086
2020-06-11,7529261,3540714,443725,1.837309142817648,135840.0,222602.1837737697
2020-06-12,7656733,3620434,448457,1.6930214001081911,127472.0,222844.82021051744
2020-06-13,7790659,3706326,452864,1.7491272060812362,133926.0,223099.74150639318
2020-06-14,7922545,3777145,456522,1.6928734783540134,131886.0,223350.77976653588
2020-06-15,8047366,3857420,460508,1.5755164533618933,124821.0,223588.3701602795
2020-06-16,8191583,3955283,467638,1.792101912600968,144217.0,223862.8798486695
2020-06-17,8334714,4074114,473117,1.7472935328861343,143131.0,224135.32239156627
2020-06-18,8477437,4155277,478443,1.712392290845253,142723.0,224406.98832731642
2020-06-19,8658514,4250267,484794,2.1359875632222334,181077.0,224751.659141746
2020-06-20,8844374,4366121,489232,2.1465577118660315,185860.0,225105.4341522105
2020-06-21,8937379,4434807,493820,1.0515724459413407,93005.0,225282.4644161094
2020-06-22,9079532,4526440,497614,1.5905446104501106,142153.0,225553.04538599297
2020-06-23,9247902,4630495,503191,1.854390732914428,168370.0,225873.5290753931
2020-06-24,9419320,4746246,508663,1.8535879813605287,171418.0,226199.81447700618
2020-06-25,9598762,4839130,513746,1.90504197755252,179442.0,226541.37315250264
2020-06-26,9791221,4945110,518822,2.005039816593015,192459.0,226907.70902218405
2020-06-27,9967566,5051396,523516,1.8010521874646686,176345.0,227243.37271647202
2020-06-28,10136032,5140599,527091,1.6901418059333644,168466.0,227564.03913696547
2020-06-29,10288517,5235170,531108,1.5043855425870791,152485.0,227854.2865407677
2020-06-30,10472385,5352510,536343,1.7871185905607194,183868.0,228204.2698810458
2020-07-01,10687359,5468424,541720,2.052770214234866,214974.0,228613.46190245758
2020-07-02,10891991,5753358,547195,1.9147106408608523,204632.0,229002.96845546184
2020-07-03,11094487,5863246,552434,1.8591275001971632,202496.0,229388.40924163972
2020-07-04,11284154,6059006,557196,1.7095607935725194,189667.0,229749.43068202373
2020-07-05,11470135,6178369,560995,1.6481607748352247,185981.0,230103.4360098038
2020-07-06,11637923,6302068,565214,1.462824979828049,167788.0,230422.81189195067
2020-07-07,11847615,6447101,571595,1.801799169834686,209692.0,230821.94989633202
2020-07-08,12062729,6605157,577225,1.8156734498884373,215114.0,231231.40840058826
2020-07-09,12286931,6739775,583029,1.858634144893747,224202.0,231658.1654483455
2020-07-10,12520121,6879221,588771,1.897870184181876,233190.0,232102.03069471492
2020-07-11,12732941,7004913,593874,1.6998238275812192,212820.0,232507.1226872203
2020-07-12,12925796,7116749,598161,1.5146147304067457,192855.0,232874.21232266168
2020-07-13,13119978,7257072,602539,1.5022827220853554,194182.0,233243.82783477844
2020-07-14,13341228,7399324,608526,1.6863595350540983,221250.0,233664.9659014161
2020-07-15,13570476,7559130,614423,1.7183425693646792,229248.0,234101.327752266
2020-07-16,13815424,7711615,620588,1.805006692469741,244948.0,234567.57375066943
2020-07-17,14052932,7895036,627582,1.719151001084006,237508.0,235019.65808934046
2020-07-18,14288256,8045823,634080,1.6745544630828642,235324.0,235467.58529563848
2020-07-19,14500046,8133881,638971,1.4822662751843192,211790.0,235870.71673578848
2020-07-20,14708011,8293009,642893,1.434236829317645,207965.0,236266.56748393897
2020-07-21,14951217,8467705,649249,1.6535614502871938,243206.0,236729.49767437816
2020-07-22,15226372,8647437,656622,1.8403518589824492,275155.0,237253.2411533643
2020-07-23,15506179,8823667,663262,1.8376472084091997,279807.0,237785.8394765809
2020-07-24,15789858,9051967,669717,1.8294577922775173,283679.0,238325.8079538948
2020-07-25,16039878,9271779,675792,1.5834214595216751,250020.0,238801.708245062
2020-07-26,16251880,9415080,680145,1.3217182823959135,212002.0,239205.2432163764
2020-07-27,16485974,9586463,685422,1.440411816971329,234094.0,239650.82918054124
2020-07-28,16750382,9756921,692366,1.6038360851472897,264408.0,240154.11629431992
2020-07-29,17020687,9959507,699019,1.6137243914795496,270305.0,240668.62804619555
2020-07-30,17302404,10173026,705765,1.6551447071437246,281717.0,241204.86195678968
2020-07-31,17590145,10372632,712354,1.663011683231995,287741.0,241752.56224348972
2020-08-01,17836466,10553543,718356,1.400335244536074,246321.0,242221.4216772174
2020-08-02,18067265,10692267,723008,1.2939726961607754,230799.0,242660.7357772938
2020-08-03,18273134,10914712,727807,1.1394585732815674,205869.0,243052.59689657344
2020-08-04,18538734,11138369,734978,1.4534999852789343,265600.0,243558.1529214275
2020-08-05,18813900,11360064,742360,1.4842761107635505,275166.0,244081.9173383514
2020-08-06,19100788,11548871,749183,1.5248725676228747,286888.0,244627.9939831493
2020-08-07,19383355,11740917,755920,1.47934734420381,282567.0,245165.8458252989
2020-08-08,19648713,11941161,761937,1.3689993295794254,265358.0,245670.94121552186
2020-08-09,19881837,12119939,767106,1.1864593879507528,233124.0,246114.6808342646
2020-08-10,20114995,12284150,772469,1.1727185973811172,233158.0,246558.48517026956
2020-08-11,20380911,12589218,779101,1.321978951523478,265916.0,247064.64268497247
2020-08-12,20655885,12829863,786048,1.3491742346551634,274974.0,247588.04163970973
2020-08-13,20946163,12993779,792840,1.4053041058274676,290278.0,248140.57097624053
2020-08-14,21253368,13277021,799421,1.4666409308473345,307205.0,248725.31999211133
2020-08-15,21502515,13445625,805439,1.1722706725823409,249147.0,249199.55857239864
2020-08-16,21712481,13678579,810225,0.9764718220170988,209966.0,249599.21812177554
2020-08-17,21925213,13889591,814842,0.9797682724512228,212732.0,250004.14261077874
2020-08-18,22184889,14117186,821893,1.184371618191349,259676.0,250498.4226044158
2020-08-19,22462185,14335183,828302,1.249931879307577,277296.0,251026.24136747274
2020-08-20,22733750,14542973,834739,1.2089874604808035,271565.0,251543.1514649482
2020-08-21,22995385,14711467,840476,1.150866003189091,261635.0,252041.16031495834
2020-08-22,23259276,14921384,846274,1.1475824388241378,263891.0,252543.4633456615
2020-08-23,23461927,15137915,850586,0.8712695958378067,202651.0,252929.19916641712
2020-08-24,23689888,15337336,855405,0.9716209585001266,227961.0,253363.1112785472
2020-08-25,23935409,15568885,861970,1.036395782031557,245521.0,253830.44795316388
2020-08-26,24216938,15794619,868511,1.1762030053465975,281529.0,254366.32401536696
2020-08-27,24504301,16001856,874717,1.1866198773767351,287363.0,254913.30479838702
2020-08-28,24788323,16200974,880534,1.1590699934676774,284022.0,255453.92615866975
2020-08-29,25049249,16412387,886339,1.0526165888672665,260926.0,255950.58546341775
2020-08-30,25268736,16622627,890600,0.8762218779493149,219487.0,256368.36774966453
2020-08-31,25532930,16823417,895016,1.0455370620833586,264194.0,256871.24752538095
2020-09-01,25799976,17081379,901614,1.0458885838797192,267046.0,257379.55593732814
2020-09-02,26081699,17300616,907908,1.0919506281711269,281723.0,257915.80126861564
2020-09-03,26367170,17521985,914006,1.0945260889637596,285471.0,258459.18072633818
2020-09-04,26668499,17735486,919857,1.1428188918264646,301329.0,259032.74507653865
2020-09-05,26942595,17936474,924962,1.0277893780223626,274096.0,259554.47280315158
2020-09-06,27171440,18148265,929078,0.8493799502238,228845.0,259990.06756409933
2020-09-07,27388662,18345813,938684,0.7994497163197828,217222.0,260403.53853861304
2020-09-08,27635123,18547610,943817,0.8998650609511337,246461.0,260872.66445518515
2020-09-09,27920213,18787877,950075,1.0316219688980577,285090.0,261415.31869888108
2020-09-10,28224541,19004538,956075,1.0899916845190256,304328.0,261994.59149229893
2020-09-11,28540587,19228208,962068,1.1197560307535204,316046.0,262596.1688997953
2020-09-12,28829539,19451142,967111,1.0124248670848992,288952.0,263146.17426309956
2020-09-13,29077878,19638990,971055,0.8614046863531186,248339.0,263618.87485668476
2020-09-14,29344683,19867489,975643,0.9175531997211076,266805.0,264126.7245374498
2020-09-15,29625452,20093776,982216,0.9567968411858462,280769.0,264661.1539784974
2020-09-16,29930181,20323253,988076,1.028605403218827,304729.0,265241.19005491957
2020-09-17,30245688,20543464,993715,1.0541433077200568,315507.0,265841.7415034649
2020-09-18,30572221,20794613,999566,1.079601826217344,326533.0,266463.2803794576
2020-09-19,30865470,21031598,1004872,0.9592008379109912,293249.0,267021.4648626369
2020-09-20,31120345,21268675,1008828,0.8257609555273255,254875.0,267506.606398159
2020-09-21,31379958,21514153,1013231,0.8342227568492573,259613.0,268000.7664745161
2020-09-22,31664541,21733546,1019388,0.906894139246458,284583.0,268542.4556696254
2020-09-23,31976037,21996959,1025913,0.9837376136290747,311496.0,269135.3723846779
2020-09-24,32296990,22252629,1031593,1.003729761758782,320953.0,269746.2900158713
2020-09-25,32627024,22491837,1037605,1.0218723168939272,330034.0,270374.49286642356
2020-09-26,32912811,22753980,1043037,0.8759211382564343,285787.0,270918.47381399496
2020-09-27,33159736,22967859,1046878,0.7502397774532232,246925.0,271388.48293085146
2020-09-28,33422170,23190401,1050951,0.7914236711655365,262434.0,271888.0126365237
2020-09-29,33704894,23431685,1057046,0.8459175451504196,282724.0,272426.16332014883
2020-09-30,34029080,23679903,1063488,0.9618365807647994,324186.0,273043.2348015996
2020-10-01,34348139,23901445,1072373,0.9376068938684208,319059.0,273650.54730059777
2020-10-02,34677414,24073730,1077969,0.9586400008454607,329275.0,274277.3054334434
2020-10-03,34974941,24329331,1082692,0.8579849696981442,297527.0,274843.63287096884
2020-10-04,35234912,24551490,1086683,0.7433064719108461,259971.0,275338.47438202804
2020-10-05,35545699,24788958,1093722,0.8820427875625175,310787.0,275930.0415518184
2020-10-06,35861625,25021584,1099576,0.8887882609932639,315926.0,276531.39054544806
2020-10-07,36210456,25276775,1105467,0.972713868933714,348831.0,277195.3725247623
2020-10-08,36569609,25496281,1111833,0.991848873706534,359153.0,277879.0019035063
2020-10-09,36929540,25703071,1118024,0.9842352976757284,359931.0,278564.11216548574
2020-10-10,37285319,25898476,1122904,0.9633994899476136,355779.0,279241.3193076791
2020-10-11,37574472,26121116,1127028,0.7755143519088572,289153.0,279791.70726421
2020-10-12,37863592,26321235,1131078,0.7694585834765689,289120.0,280342.0324069276
2020-10-13,38182789,26513680,1136463,0.8430182746528644,319197.0,280949.6075818724
2020-10-14,38562868,26725965,1142654,0.9954196902693514,380079.0,281673.0685320626
2020-10-15,38969780,26933292,1148837,1.0551912269595716,406912.0,282447.60472628474
2020-10-16,39379895,27136306,1155025,1.052392392258822,410115.0,283228.2376672976
2020-10-17,39752176,27334589,1160737,0.9453580310460452,372281.0,283936.8555230532
2020-10-18,40083148,27536100,1164590,0.8325883845956006,330972.0,284566.8438086631
2020-10-19,40456878,27738631,1169292,0.9323868474601844,373730.0,285278.21976185846
2020-10-20,40845321,27950078,1175943,0.9601408195659586,388443.0,286017.6011585542
2020-10-21,41284309,28161300,1182798,1.0747571306882373,438988.0,286853.19237933215
2020-10-22,41766204,28388093,1188695,1.1672594544334025,481895.0,287770.4548815801
2020-10-23,42259529,28594827,1195788,1.181158335576774,493325.0,288709.47380462644
2020-10-24,42716464,28806408,1201651,1.0812590930675068,456935.0,289579.2262226109
2020-10-25,43075336,29003666,1205906,0.8401257182710629,358872.0,290262.32073221717
2020-10-26,43558104,29242801,1211520,1.120752720303795,482768.0,291181.244945345
2020-10-27,44025232,29832506,1218996,1.0724250072960018,467128.0,292070.39921785257
2020-10-28,44545397,30098468,1226179,1.1815156363060166,520165.0,293060.5067090732
2020-10-29,45095600,30345219,1233380,1.2351511874504115,550203.0,294107.78999801434
2020-10-30,45667520,30600993,1241057,1.268239029971882,571920.0,295196.41048647265
2020-10-31,46140588,30845322,1247660,1.035895971578925,473068.0,296096.87124537944
2020-11-01,46578413,31103269,1252779,0.9488934124549953,437825.0,296930.2487550998
2020-11-02,47124212,31383406,1258854,1.1717853074985618,545799.0,297969.14925513486
2020-11-03,47687439,31634979,1268427,1.1951966432881678,563227.0,299041.22306240315
2020-11-04,48179325,31914298,1278499,1.031479170017916,491886.0,299977.5029224986
2020-11-05,48797426,32217953,1287166,1.282917517005479,618101.0,301154.0265840887
2020-11-06,49418108,32506314,1296318,1.271956434751292,620682.0,302335.46304726053
2020-11-07,50018687,32805330,1304068,1.215301484225175,600579.0,303478.63447742176
2020-11-08,50508065,33058570,1310158,0.9783903363956756,489378.0,304410.1404877042
2020-11-09,51015418,33315623,1317391,1.004498984469114,507353.0,305375.86099176214
2020-11-10,51584111,33572983,1327237,1.1147473103131291,568693.0,306458.33905065636
2020-11-11,52207978,33953207,1337787,1.2094169850092018,623867.0,307645.837998539
2020-11-12,52849166,34179446,1347560,1.2281417985580672,641188.0,308866.30658462376
2020-11-13,53511432,34481578,1357352,1.2531247891404758,662266.0,310126.8960663857
2020-11-14,54098149,34759397,1366475,1.096433001456586,586717.0,311243.681888051
2020-11-15,54588232,34990157,1373087,0.9059145443220248,490083.0,312176.5298298
2020-11-16,55110823,35380887,1380828,0.957332708632146,522591.0,313171.2550880248
2020-11-17,55711730,35814478,1391876,1.0903611437629956,600907.0,314315.05084942153
2020-11-18,56333473,36177588,1403334,1.116000167289725,621743.0,315498.5068718644
2020-11-19,56987275,36551887,1414453,1.1605923888271543,653802.0,316742.9855622319
2020-11-20,57662075,36907311,1426213,1.1841239996121942,674800.0,318027.43287236564
2020-11-21,58256749,37246581,1435353,1.0313087068059898,594674.0,319159.3644368387
2020-11-22,58755072,37520305,1442824,0.8553910208755384,498323.0,320107.8967974311
2020-11-23,59284353,37931518,1451132,0.9008260597485098,529281.0,321115.3561287217
2020-11-24,59875565,38303697,1463736,0.9972479584958952,591212.0,322240.6979531419
2020-11-25,60492652,38741107,1475890,1.0306157445027866,617087.0,323415.2915175587
2020-11-26,61086033,39107983,1486891,0.9809141778079096,593381.0,324544.7619226186
2020-11-27,61780326,39489609,1498394,1.1365822364009135,694293.0,325866.31316194084
2020-11-28,62388284,39849315,1507860,0.98406408538537,607958.0,327023.5301414522
2020-11-29,62884434,40167598,1515172,0.7952614949306828,496150.0,327967.9263076093
2020-11-30,63386344,40569854,1523873,0.7981466446847562,501910.0,328923.2863393657
2020-12-01,64000159,41046058,1536532,0.9683710421916746,613815.0,330091.65181901853
2020-12-02,64639978,41508984,1549160,0.9997147038337828,639819.0,331309.51458357455
2020-12-03,65331254,41935968,1561779,1.0694248689255432,691276.0,332625.3231175994
2020-12-04,66028169,42426585,1574187,1.066740583304891,696915.0,333951.865199908
2020-12-05,66672388,42862533,1584737,0.9756729737576094,644219.0,335178.1031395746
2020-12-06,67216584,43178577,1592557,0.8162239516604685,544196.0,336213.95241104095
2020-12-07,67750014,43591716,1600972,0.7935987940119063,533430.0,337229.30915177095
2020-12-08,68380626,44032487,1613132,0.9307924275853288,630612.0,338429.64686240826
2020-12-09,69046486,44458967,1625916,0.9737553440941006,665860.0,339697.07733947644
2020-12-10,70543194,44950193,1638408,2.167681639873751,1496708.0,342545.9845188712
2020-12-11,71251444,45428333,1651556,1.0039948006890644,708250.0,343894.1021943338
2020-12-12,71901650,46933276,1662469,0.9125513301877785,650206.0,345131.7360824974
2020-12-13,72441140,47328395,1670406,0.750316578270457,539490.0,346158.62772349326
2020-12-14,72992271,41338398,1679234,0.7607983529800885,551131.0,347207.67741300317
2020-12-15,73639542,41696562,1692579,0.8867664906603605,647271.0,348439.72467867826
2020-12-16,74357765,42058782,1706670,0.9753224700935808,718223.0,349806.8254499085
2020-12-17,75096946,42434191,1719993,0.9940871676280212,739181.0,351213.81870294927
2020-12-18,75819294,42751919,1733005,0.9618873182938756,722348.0,352588.7712008456
2020-12-19,76455347,43103505,1744311,0.8389065189660035,636053.0,353799.4655768866
2020-12-20,77003179,43380334,1752546,0.7165385044946562,547832.0,354842.2357885125
2020-12-21,77549228,43723554,1761625,0.7091252687113087,546049.0,355881.6121507698
2020-12-22,78201068,44086739,1775566,0.8405499536371916,651840.0,357122.3562744176
2020-12-23,78883803,44410879,1789509,0.8730507363403273,682735.0,358421.90745148354
2020-12-24,79579153,44725551,1801705,0.881486406024314,695350.0,359745.4706362812
2020-12-25,80098228,45017157,1810601,0.6522751002388779,519075.0,360733.5033682131
2020-12-26,80605026,45425321,1818041,0.6327206139941074,506798.0,361698.16745813773
2020-12-27,81017977,45717709,1825789,0.5123142073051375,412951.0,362484.1985801991
2020-12-28,81516474,46016135,1834888,0.6152918382546135,498497.0,363433.06214089814
2020-12-29,82187305,46369230,1849717,0.8229391766871565,670831.0,364709.9546623924
2020-12-30,82913042,46757475,1865432,0.8830281026978559,725737.0,366091.3579485727
2020-12-31,83753075,47055807,1879122,1.013149415022066,840033.0,367690.31782894244
2021-01-01,84341129,47359111,1889077,0.7021282502164845,588054.0,368809.64856177196
2021-01-02,84921890,47614296,1897496,0.6885857551183598,580761.0,369915.0974418558
2021-01-03,85442114,47882778,1905134,0.6125911705450738,520224.0,370905.31723656086
2021-01-04,85998532,48173186,1914530,0.6512221830091891,556418.0,371964.43046034564
2021-01-05,86740208,48488547,1929931,0.8624286749452885,741676.0,373376.1728183639
2021-01-06,87531297,48801672,1944927,0.912021100986984,791089.0,374881.97029632237
2021-01-07,88402136,49125603,1959982,0.9948887196313336,870839.0,376539.56782315916
2021-01-08,89238832,49422866,1975521,0.9464658184277358,836696.0,378132.1758945872
2021-01-09,89996683,49753111,1988855,0.8492390397937973,757851.0,379574.70653838105
2021-01-10,90598523,50023661,1997796,0.6687357577389825,601840.0,380720.278217591
2021-01-11,91212596,50313949,2007354,0.6777958179296146,614073.0,381889.1347870571
2021-01-12,91904578,50657506,2024302,0.7586474131270203,691982.0,383206.2871559975
2021-01-13,92648667,51023567,2041022,0.8096321382379885,744089.0,384622.62253618427
2021-01-14,93409890,51396412,2056610,0.8216232619946923,761223.0,386071.57160963106
2021-01-15,94194314,51717034,2072243,0.8397654680890857,784424.0,387564.68260074593
2021-01-16,94852162,52034089,2086164,0.6983945973639131,657848.0,388816.8626453174
2021-01-17,95379938,52349804,2095253,0.5564195785015422,527776.0,389821.4572860304
2021-01-18,95896595,52668557,2104872,0.5416830948244065,516657.0,390804.88747854927
2021-01-19,96489830,53071501,2120725,0.6186194619318861,593235.0,391934.0799800714
2021-01-20,97176788,53399272,2138868,0.7119486063971716,686958.0,393241.6694217946
2021-01-21,97846151,53765411,2156151,0.6888095539852583,669363.0,394515.76768032013
2021-01-22,98510412,54147168,2172232,0.6788831172316631,664261.0,395780.1545426152
2021-01-23,99087798,54463661,2186850,0.5861167243925445,577386.0,396879.1792826995
2021-01-24,99549884,54774618,2195957,0.4663399624643994,462086.0,397758.7363659099
2021-01-25,100030792,55089059,2206362,0.4830824313165447,480908.0,398674.1201641046
2021-01-26,100592320,55418602,2224173,0.5613551475229748,561528.0,399742.96001171094
2021-01-27,101193735,55759371,2241615,0.5978736746503113,601415.0,400887.7227251432
2021-01-28,101808776,56075030,2258177,0.6077856499713149,615041.0,402058.42183313356
2021-01-29,102398247,56439137,2273979,0.5789982191712039,589471.0,403180.44975303847
2021-01-30,102913518,56790303,2287429,0.5032029503395697,515271.0,404161.2417653975
2021-01-31,103310123,57079202,2296527,0.3853769725372715,396605.0,404916.15911192325
2021-02-01,103752688,57351844,2306150,0.4283849318425455,442565.0,405758.5589693763
2021-02-02,104217880,57702034,2321484,0.4483662148589345,465192.0,406644.0281648353
2021-02-03,104743426,58031881,2337679,0.5042762335983039,525546.0,407644.3781145263
2021-02-04,105215449,58325870,2350625,0.4506468978778677,472023.0,408542.8497693444
2021-02-05,105752476,58607157,2367926,0.5104069840542143,537027.0,409565.05321572727
2021-02-06,106188323,58901714,2379783,0.4121388136576584,435847.0,410394.6657035457
2021-02-07,106540137,59179149,2387143,0.3313113815725294,351814.0,411064.32567089505
2021-02-08,106879564,59411983,2396212,0.3185907298016709,339427.0,411710.4076168594
2021-02-09,107286701,59783591,2411279,0.3809306332873888,407137.0,412485.37208708155
2021-02-10,107727017,60052899,2425448,0.4104106062502565,440316.0,413323.49108798377
2021-02-11,108171909,60328984,2439315,0.4129808959622451,444892.0,414170.32027100096
2021-02-12,108602636,60616583,2452310,0.3981874813728211,430727.0,414990.1871005089
2021-02-13,108983366,60862826,2463034,0.3505716012270641,380730.0,415714.8871959256
2021-02-14,109292190,61058257,2469761,0.2833680141609867,308824.0,416302.7178955473
2021-02-15,109572409,61346870,2477164,0.2563943498615958,280219.0,416836.1004397061
2021-02-16,109931831,61582275,2488491,0.3280223582562651,359422.0,417520.2418462011
2021-02-17,110318342,61876216,2500087,0.3515915240236469,386511.0,418255.9457796438
2021-02-18,110729640,62112834,2512001,0.3728283008459283,411298.0,419038.830500692
2021-02-19,111139580,62347470,2523693,0.370217043964019,409940.0,419819.1303381494
2021-02-20,111515230,62616686,2532767,0.3379983980504515,375650.0,420534.1609132112
2021-02-21,111834482,62833943,2539343,0.2862855593805438,319252.0,421141.8407778449
2021-02-22,112129135,63016513,2546356,0.2634724055859623,294653.0,421702.69770326396
2021-02-23,112522443,63295143,2558026,0.3507634300398375,393308.0,422451.3393788035
2021-02-24,112967480,63504602,2570562,0.3955095429273607,445037.0,423298.44456190953
2021-02-25,113421072,63732294,2581421,0.401524403306155,453592.0,424161.8337502589
2021-02-26,113863138,63992562,2591996,0.3897564995682637,442066.0,425003.2837867165
2021-02-27,114260988,64243284,2600691,0.3494107109537065,397850.0,425760.57092710875
2021-02-28,114569813,64418461,2607029,0.27028035150545,308825.0,426348.4035301793
2021-03-01,114874850,64633387,2614416,0.2662455249010488,305037.0,426929.02586885926
2021-03-02,115188425,64903491,2624772,0.2729709766759217,313575.0,427525.89985415153
2021-03-03,115630622,65132899,2636546,0.3838901347943597,442197.0,428367.5992424135
2021-03-04,116089417,65383179,2647015,0.3967763833355493,458795.0,429240.89207533107
2021-03-05,116539442,65609539,2657485,0.3876537686462841,450025.0,430097.49166149425
2021-03-06,116953953,65846042,2665755,0.3556830141678557,414511.0,430886.49216382205
2021-03-07,117327861,66084362,2671692,0.3197053117135767,373908.0,431598.20693091967
2021-03-08,117632319,66358920,2678717,0.2594933525635484,304458.0,432177.72717269306
2021-03-09,118046564,66621153,2689280,0.3521523706422892,414245.0,432966.2213576165
2021-03-10,118505479,66856509,2699457,0.388757609243078,458915.0,433839.74260440073
2021-03-11,118995836,67129126,2709693,0.4137842436804124,490357.0,434773.1120911453
2021-03-12,119485614,67397682,2719584,0.4115925535411171,489778.0,435705.37948098325
2021-03-13,119941781,67650214,2728176,0.3817756671527001,456167.0,436573.67005022115
2021-03-14,120306971,67895902,2733988,0.3044727174761562,365190.0,437268.7905499066
2021-03-15,120659926,68185781,2741454,0.2933786771175545,352955.0,437940.62235243805
2021-03-16,121126545,68452266,2752081,0.3867224317707604,466619.0,438828.8077694613
2021-03-17,121672187,68716802,2762677,0.4504726854051686,545642.0,439867.4094280208
2021-03-18,122220797,68985878,2773399,0.4508918706293986,548610.0,440911.6605228822
2021-03-19,122784013,69264939,2784225,0.4608184644713125,563216.0,441983.71339221275
2021-03-20,123283226,69523150,2793008,0.4065781756131394,499213.0,442933.9398223161
2021-03-21,123722665,69803249,2801454,0.3564467075188314,439439.0,443770.3894985429
2021-03-22,124142574,70137878,2809326,0.3393953727071753,419909.0,444569.6648179722
2021-03-23,124649657,70451020,2820817,0.408468250384433,507083.0,445534.87139083014
2021-03-24,125279444,70786662,2831499,0.5052456742821202,629787.0,446733.6387561342
2021-03-25,125931456,71098479,2843056,0.520446115645277,652012.0,447974.71027299087
2021-03-26,126572141,71463065,2855824,0.5087569224959966,640685.0,449194.2214242846
2021-03-27,127157204,71768318,2866034,0.4622367887416869,585063.0,450307.85894148785
2021-03-28,127649180,72097106,2873284,0.3869037573364699,491976.0,451244.31011198333
2021-03-29,128108148,72401542,2881882,0.3595542094355796,458968.0,452117.9322415587
2021-03-30,128669690,72736785,2893798,0.4383343360798565,561542.0,453186.79873744946
2021-03-31,129344579,73119294,2906701,0.5245128048416065,674889.0,454471.41545453423
2021-04-01,130054616,73464080,2918988,0.5489499486484084,710037.0,455822.93459316104
2021-04-02,130699335,73784287,2929619,0.4957294249363667,644719.0,457050.124257272
2021-04-03,131240249,74150288,2938932,0.4138613253081968,540914.0,458079.72640948545
2021-04-04,131799592,74498476,2946314,0.4261977588902624,559343.0,459144.4072212699
2021-04-05,132294751,74846289,2954562,0.3756908443237062,495159.0,460086.91706957825
2021-04-06,132901342,75216285,2967002,0.4585147902050929,606591.0,461241.53203445865
2021-04-07,133565619,75699590,2982385,0.4998271575015398,664277.0,462505.949351936
2021-04-08,134401976,76094849,2996720,0.6261768606784954,836357.0,464097.9121541907
2021-04-09,135149458,76548562,3011092,0.5561540255926,747482.0,465520.70593645703
2021-04-10,135820843,76933556,3024124,0.4967722475069046,671385.0,466798.65296863567
2021-04-11,136529367,77464028,3033212,0.5216607292004513,708524.0,468147.2921890938
2021-04-12,137142099,77858760,3043098,0.4487913578329268,612732.0,469313.59623360005
2021-04-13,137906430,78345222,3056919,0.5573277684775702,764331.0,470768.4612261931
2021-04-14,138719032,78792112,3071018,0.589241560382645,812602.0,472315.2076000954
2021-04-15,139539495,79236514,3084676,0.5914566935559354,820463.0,473876.91698571213
2021-04-16,140399677,79740631,3098064,0.6164433947535786,860182.0,475514.2294577416
2021-04-17,141193459,80259167,3110669,0.5653730955520645,793782.0,477025.15292355744
2021-04-18,141893297,80839358,3119780,0.4956589384215029,699838.0,478357.25878696784
2021-04-19,142583039,81374733,3130880,0.4860990720372083,689742.0,479670.14743039734
2021-04-20,143422747,81979570,3145202,0.5889255874255843,839708.0,481268.48868987826
2021-04-21,144311955,82491870,3159936,0.6199909139935801,889208.0,482961.05066935276
2021-04-22,145211836,83128166,3173812,0.623566495235963,899881.0,484673.9281588169
2021-04-23,146119369,83767998,3189079,0.6249717826031757,907533.0,486401.37083917775
2021-04-24,146943967,84344289,3202201,0.5643317553609201,824598.0,487970.9509859496
2021-04-25,147672696,84878103,3212951,0.4959230480010111,728729.0,489358.0493912051
2021-04-26,148360462,85565469,3224541,0.4657367398506762,687766.0,490667.17681963043
2021-04-27,149199958,86246373,3239557,0.5658488715140292,839496.0,492265.11454794696
2021-04-28,150098583,86843038,3255535,0.6022957459545665,898625.0,493975.6013056068
2021-04-29,150993610,87550354,3271268,0.5962927711316236,895027.0,495679.239454165
2021-04-30,151885385,88236950,3285680,0.5906044633279514,891775.0,497376.68758693687
2021-05-01,152680343,88919400,3298710,0.5233933468977282,794958.0,498889.8495086458
2021-05-02,153367519,89612414,3309013,0.4500749647909816,687176.0,500197.8539022268
2021-05-03,154056690,90255903,3320659,0.4493591632006514,689171.0,501509.6556763409
2021-05-04,154842345,90912803,3334777,0.5099778529578949,785655.0,503005.1098130378
2021-05-05,155684714,91626285,3349654,0.5440172066626865,842369.0,504608.5161500117
2021-05-06,156557290,92301897,3364262,0.5604763483716199,872576.0,506269.41996756836
2021-05-07,157392278,92998026,3378783,0.5333434169689575,834988.0,507858.77694829437
2021-05-08,158181221,93709031,3392088,0.501259026189328,788943.0,509360.48962493753
2021-05-09,158830526,94371824,3402507,0.4104817221002486,649305.0,510596.40850565233
2021-05-10,159455449,95000510,3413570,0.3934527044253446,624923.0,511785.9174955614
2021-05-11,160181621,95751514,3427762,0.4554074536518347,726172.0,513168.1487820083
2021-05-12,160949550,96399063,3441913,0.4794114301040816,767929.0,514629.86238370324
2021-05-13,161684855,97089180,3455377,0.4568543372752517,735305.0,516029.47786885116
2021-05-14,162394780,97754527,3468377,0.4390794672760167,709925.0,517380.78382120247
2021-05-15,163026598,98397064,3480647,0.3890629982072084,631818.0,518583.41709119955
2021-05-16,163573172,99064468,3490915,0.3352667642613753,546574.0,519623.7927641234
2021-05-17,164116235,99808930,3502229,0.3320000421585026,543063.0,520657.4854279988
2021-05-18,164736006,100552043,3516310,0.3776414929333469,619771.0,521837.18784923304
2021-05-19,165408800,101250070,3529788,0.408407376344914,672794.0,523117.8168408959
2021-05-20,165690919,101886759,3542965,0.1705586401690841,282119.0,523654.8159379433
2021-05-21,166317397,102501547,3555935,0.3781003834012171,626478.0,524847.2847908745
2021-05-22,166890042,103118308,3567369,0.3443085391722431,572645.0,525937.2852797771
2021-05-23,167371567,103620279,3577194,0.2885282993697131,481525.0,526853.8435059362
2021-05-24,167822262,104247871,3586314,0.2692781146035395,450695.0,527711.7184028549
2021-05-25,168356595,104824934,3599276,0.3183922047243053,534333.0,528728.7939579313
2021-05-26,168925182,105380747,3612081,0.3377277854781988,568587.0,529811.0702512434
2021-05-27,169472359,106078105,3625015,0.3239167739952472,547177.0,530852.5937038473
2021-05-28,169977978,106633068,3637016,0.2983489478658876,505619.0,531815.0136275319
2021-05-29,170458538,107140668,3647820,0.2827189766900274,480560.0,532729.7350255133
2021-05-30,170848636,107630597,3656202,0.2288521329450801,390098.0,533472.26663012
2021-05-31,171235461,108159766,3664871,0.2264138649605607,386825.0,534208.5682465137
2021-06-01,171695471,108743649,3680082,0.2686417855936978,460010.0,535084.1737698311
2021-06-02,172183117,109272023,3691980,0.2840179750577113,487646.0,536012.3830066383
2021-06-03,172663902,109701213,3702144,0.2792288863024822,480785.0,536927.5326806196
2021-06-04,173089139,110226715,3712787,0.2462801981620918,425237.0,537736.9495757283
2021-06-05,173486079,110704845,3722183,0.2293269250128975,396940.0,538492.5045776317
2021-06-06,173809303,111146371,3729461,0.1863112025259387,323224.0,539107.7449412516
2021-06-07,174130990,111568368,3737520,0.1850804269090245,321687.0,539720.0597039293
2021-06-08,174501789,111983104,3748170,0.2129425669721397,370799.0,540425.8566484317
2021-06-09,174920328,112435799,3758323,0.2398479708422932,418539.0,541222.5242428835
2021-06-10,175373823,112849488,3774292,0.2592580320338754,453495.0,542085.7287966907
2021-06-11,175796382,113225020,3786030,0.2409475899946596,422559.0,542890.0482556752
2021-06-12,176164980,113563994,3795834,0.2096732570980897,368598.0,543591.6557091735
2021-06-13,176467978,113993655,3805101,0.1719967271588257,302998.0,544168.3969155694
2021-06-14,176777436,114340429,3813079,0.1753621271730104,309458.0,544757.4344017865
2021-06-15,177152356,114800574,3823828,0.2120858908712761,374920.0,545471.0754591596
2021-06-16,177541331,115149801,3833886,0.2195708873327092,388975.0,546211.4694906641
2021-06-17,177937632,115530279,3843207,0.2232161929663577,396301.0,546965.8081887277
2021-06-18,178341062,115849842,3852407,0.2267255079577545,403430.0,547733.7165739192
2021-06-19,178689527,116181692,3860570,0.1953924665986344,348465.0,548397.0018909401
2021-06-20,178992964,116446786,3867304,0.1698124143559908,303437.0,548974.5787113981
2021-06-21,179289570,116804004,3874286,0.1657081895129687,296606.0,549539.153072497
2021-06-22,179699866,117107408,3883209,0.2288454370212388,410296.0,550320.1305377587
2021-06-23,180096920,117507151,3892588,0.2209539766713014,397054.0,551075.9025328355
2021-06-24,180506291,117796862,3901240,0.2273059417118293,409371.0,551855.1193078752
2021-06-25,180924286,118125509,3910471,0.2315681063991282,417995.0,552650.7514261313
2021-06-26,181287479,118420068,3917993,0.2007430887415523,363193.0,553342.070738386
2021-06-27,181598524,118678807,3924070,0.1715755559709669,311045.0,553934.1289979896
2021-06-28,181931639,119006263,3930616,0.1834348609573501,333115.0,554568.1963745682
2021-06-29,182313066,119299679,3938757,0.2096540228497584,381427.0,555294.2231738603
2021-06-30,182712486,119580620,3947956,0.2190846815115269,399420.0,556054.4987290079
2021-07-01,183148177,120008476,3956503,0.2384571572191295,435691.0,556883.8142787996
2021-07-02,183590581,120299518,3964846,0.241555229894535,442404.0,557725.9076809816
2021-07-03,183965141,120569293,3971764,0.2040191811365312,374560.0,558438.8634967547
2021-07-04,184293366,120868181,3978382,0.1784169534596774,328225.0,559063.6230082671
2021-07-05,184670047,121235174,3985742,0.204392056087358,376681.0,559780.6160391333
2021-07-06,185120673,121563017,3994232,0.244016832897649,450626.0,560638.3595980786
2021-07-07,185585716,121831180,4002771,0.2512107332280495,465043.0,561523.5451796531
2021-07-08,186067519,122123831,4011679,0.2596121136822836,481803.0,562440.6325646032
2021-07-09,186581412,122462949,4020050,0.2761863020272764,513893.0,563418.8016243937
2021-07-10,187003460,122907153,4026651,0.2262004534513867,422048.0,564222.148420996
2021-07-11,187374019,123197639,4034264,0.1981562266281062,370559.0,564927.4885377652
2021-07-12,187806270,123499875,4042328,0.2306888662082868,432251.0,565750.2562233796
2021-07-13,188332239,123783322,4050711,0.2800593398718797,525969.0,566751.4113319506
2021-07-14,188870189,124113063,4059318,0.2856388278801273,537950.0,567775.3716616578
2021-07-15,189446635,124394119,4067943,0.3052075094815519,576446.0,568872.6071597866
2021-07-16,190042655,124784824,4076686,0.3146110248936329,596020.0,570007.1007664639
2021-07-17,190533173,125065613,4084203,0.2581094228556215,490518.0,570940.7767084796
2021-07-18,190954486,125382096,4090742,0.2211231741781784,421313.0,571742.7244701488
2021-07-19,191440779,125688817,4097881,0.2546643497026825,486293.0,572668.3583406094
2021-07-20,191973342,126008997,4118607,0.2781868120166811,532563.0,573682.0647911528
2021-07-21,192529117,126315580,4127267,0.2895063419795025,555775.0,574739.9540973022
2021-07-22,193094481,126671708,4136039,0.2936511675789797,565364.0,575816.0955748458
2021-07-23,193822688,126918098,4144358,0.3771247092245997,728207.0,577202.2003797813
2021-07-24,194255794,127435324,4153052,0.2234547484967291,433106.0,578026.5955141956
2021-07-25,194702066,127762741,4160384,0.2297342029345081,446272.0,578876.0514566792
2021-07-26,195240235,128063201,4168797,0.2764064147115932,538169.0,579900.4286416931
2021-07-27,195846899,128409040,4178640,0.3107269359719834,606664.0,581055.1825583425
2021-07-28,196496923,128745703,4188793,0.3319041574408589,650024.0,582292.4700188083
2021-07-29,197139976,129094091,4199056,0.327258559667115,643053.0,583516.4885370706
2021-07-30,197872571,129401282,4208607,0.371611590335184,732595.0,584910.94567573
2021-07-31,198391486,129705211,4217440,0.2622470600030764,518915.0,585898.6738558396
2021-08-01,198875665,129994389,4224807,0.2440523077688928,484179.0,586820.2838353495
2021-08-02,199443161,130277533,4232852,0.2853521570876959,567496.0,587900.4834659239
2021-08-03,200077681,130582001,4243256,0.3181457798896398,634520.0,589108.2598548185
2021-08-04,200758017,130899061,4253756,0.340035928345251,680336.0,590403.2446580003
2021-08-05,201443373,0,4264706,0.3413841251480383,685356.0,591707.7847746037
2021-08-06,202263081,0,4275153,0.4069173325448637,819708.0,593268.0570563095
2021-08-07,202826624,0,4283820,0.2786188152646601,563543.0,594340.7323534266
2021-08-08,203296529,0,4291259,0.2316781646969581,469905.0,595235.1725034984
2021-08-09,203910612,0,4300015,0.3020627076225192,614083.0,596404.0481074534
2021-08-10,204556461,0,4311606,0.3167314313195234,645849.0,597633.3886688086
2021-08-11,205287051,0,4322122,0.3571581148932763,730590.0,599024.0293924462
2021-08-12,205993035,0,4332626,0.3439008922194513,705984.0,600367.8338527268
2021-08-13,206794999,0,4343083,0.3893160756624611,801964.0,601894.3313373505
2021-08-14,207352369,0,4351807,0.2695277945285321,557370.0,602955.2566444774
2021-08-15,207822568,0,4359219,0.2267632640358211,470199.0,603850.2564085224
2021-08-16,208477534,0,4368979,0.315156340479827,654966.0,605096.9507133964
2021-08-17,209159680,0,4379748,0.3272036017079903,682146.0,606395.3807590669
2021-08-18,209895653,0,4390561,0.3518713549380071,735973.0,607796.2677480725
2021-08-19,210607624,0,4402001,0.3392023559439794,711971.0,609151.4681568503
2021-08-20,211392868,0,4412487,0.3728469013068587,785244.0,610646.1399760538
2021-08-21,211958726,0,4421394,0.2676807431365187,565858.0,611723.2217573485
2021-08-22,212412489,0,4429082,0.2140808300574518,453763.0,612586.9364354579
2021-08-23,213083549,0,4439029,0.3159230434892178,671060.0,613864.2648467476
2021-08-24,213760144,0,4450069,0.317525685664265,676595.0,615152.1288476366
2021-08-25,214497353,0,4461417,0.3448767324932191,737209.0,616555.3684994688
2021-08-26,215233641,0,4473015,0.3432620448234622,736288.0,617956.8550748745
2021-08-27,215985195,0,4483359,0.3491805446900375,751554.0,619387.3997010158
2021-08-28,216551398,0,4491807,0.2621489866469783,566203.0,620465.1381721771
2021-08-29,217005390,0,4498545,0.2096463029991614,453992.0,621329.288740082
2021-08-30,217659628,0,4508005,0.3014846774082431,654238.0,622574.597334165
2021-08-31,218280898,0,4517214,0.2854318946093209,621270.0,623757.1530252835
2021-09-01,219000231,0,4529702,0.3295446402277491,719333.0,625126.3666247802
2021-09-02,219676549,0,4540913,0.3088206788238501,676318.0,626413.7033703271
2021-09-03,220400668,0,4551613,0.3296296319731425,724119.0,627792.0268762055
2021-09-04,220906759,0,4559352,0.2296231697446579,506091.0,628755.3452277657
2021-09-05,221362690,0,4565831,0.2063906971719231,455931.0,629623.1865830659
2021-09-06,221821940,0,4573840,0.2074649526530419,459250.0,630497.3454852279
2021-09-07,222478184,0,4584328,0.2958426925668398,656244.0,631746.4723977818
2021-09-08,223115208,0,4594429,0.2863309959416066,637024.0,632959.0150226937
2021-09-09,223755136,0,4605142,0.2868150520694223,639928.0,634177.0852631787
2021-09-10,224414378,0,4614334,0.2946265331759803,659242.0,635431.9187155011
2021-09-11,224892541,0,4622726,0.2130714637187818,478163.0,636342.0775464961
2021-09-12,225269501,0,4628306,0.1676178313090428,376960.0,637059.6016396022
2021-09-13,225831661,0,4637341,0.2495499823564664,562160.0,638129.6444669062
2021-09-14,226382316,0,4647239,0.2438342779580406,550655.0,639177.788114745
2021-09-15,226949475,0,4657706,0.2505314946950184,567159.0,640257.346283044
2021-09-16,227536585,0,4668180,0.2586963464004488,587110.0,641374.8801601225
2021-09-17,228159977,0,4677223,0.2739744028416353,623392.0,642561.474969783
2021-09-18,228691015,0,4683766,0.2327480949912613,531038.0,643572.2786607711
2021-09-19,229060019,0,4689794,0.1613548306652974,369004.0,644274.6589145182
2021-09-20,229576329,0,4697932,0.2254038056287771,516310.0,645257.4286102727
2021-09-21,230065643,0,4707355,0.2131378274630395,489314.0,646188.8127998263
2021-09-22,230600342,0,4717094,0.2324114948358455,534699.0,647206.5850171961
2021-09-23,231148056,0,4726946,0.2375165601445638,547714.0,648249.1306218532
2021-09-24,231697328,0,4735665,0.2376277826018143,549272.0,649294.6417998788
2021-09-25,232077347,0,4741180,0.1640152708191783,380019.0,650017.9885431357
2021-09-26,232439247,0,4746649,0.1559393903274842,361900.0,650706.846695977
2021-09-27,232909032,0,4754271,0.2021108767401918,469785.0,651601.0584321821
2021-09-28,233360421,0,4763667,0.193804849955325,451389.0,652460.2543226295
2021-09-29,233851041,0,4772938,0.2102413073723414,490620.0,653394.1244164319
2021-09-30,234340438,0,4781771,0.2092772381543514,489397.0,654325.6665922431
2021-10-01,234862666,0,4790395,0.2228501424922659,522228.0,655319.7008985213
2021-10-02,235219823,0,4796358,0.1520705721700357,357157.0,655999.5309932834
2021-10-03,235534134,0,4800641,0.1336243671945965,314311.0,656597.8059169577
2021-10-04,235968653,0,4807688,0.1844823901405305,434519.0,657424.8906246518
2021-10-05,236391351,0,4815096,0.1791331156176918,422698.0,658229.4746630319
2021-10-06,236898796,0,4824263,0.2146630990742127,507445.0,659195.3702843875
2021-10-07,237360236,0,4833182,0.1947835986469091,461440.0,660073.6977396159
2021-10-08,237836322,0,4840732,0.2005752977090906,476086.0,660979.903107269
2021-10-09,238183753,0,4845634,0.1460798742086164,347431.0,661641.220258139
2021-10-10,238506140,0,4850329,0.1353522211063657,322387.0,662254.8674350389
2021-10-11,238880802,0,4856064,0.1570869412418481,374662.0,662968.0174025986
2021-10-12,239319201,0,4864132,0.1835220730714057,438399.0,663802.4874919811
2021-10-13,239776316,0,4873048,0.1910064040369247,457115.0,664672.5825307656
2021-10-14,240229852,0,4881003,0.1891496239353348,453536.0,665535.8651259772
2021-10-15,240688651,0,4888198,0.1909833420702436,458799.0,666409.1655726903
2021-10-16,241039445,0,4893557,0.1457459662275476,350794.0,667076.8840221731
2021-10-17,241359592,0,4897845,0.1328193400047033,320147.0,667686.2674735623
2021-10-18,241769765,0,4904250,0.1699426969531834,410173.0,668467.0108146106
2021-10-19,242201982,0,4912482,0.1787721471293153,432217.0,669289.7137829629
2021-10-20,242678202,0,4921159,0.1966210169163686,476220.0,670196.174212767
2021-10-21,243140623,0,4928821,0.190549046510572,462421.0,671076.3689513552
2021-10-22,243633498,0,4937006,0.2027119096425117,492875.0,672014.5313224017
2021-10-23,244017010,0,4942892,0.1574134932791549,383512.0,672744.526812627
2021-10-24,244337844,0,4947423,0.1314801783695325,320834.0,673355.2179334026
2021-10-25,244764051,0,4954116,0.1744334782621721,426207.0,674166.4811739334
2021-10-26,245190193,0,4961902,0.1741031815166353,426142.0,674977.6206902864
2021-10-27,245704870,0,4971047,0.2099092927423896,514677.0,675957.2820540055
2021-10-28,246188053,0,4979941,0.1966517798365168,483183.0,676876.9961984222
2021-10-29,246684172,0,4987742,0.2015203394130583,496119.0,677821.3333576637
2021-10-30,247078252,0,4993808,0.1597508250346925,394080.0,678571.4444957454
2021-10-31,247441791,0,4998323,0.1471351675257926,363539.0,679263.4224013154
2021-11-01,247862939,0,5004550,0.1702008372546899,421148.0,680065.0560939179
2021-11-02,248267015,0,5011705,0.1630239686619708,404076.0,680834.1941070915
2021-11-03,248791446,0,5020142,0.2112366799915002,524431.0,681832.4217112716
2021-11-04,249311355,0,5027749,0.2089738246064939,519909.0,682822.0419195768
2021-11-05,249835638,0,5036379,0.2102924674249193,524283.0,683819.9878133213
2021-11-06,250273075,0,5043130,0.1750899125128017,437437.0,684652.6267848728
2021-11-07,250633834,0,5047630,0.1441461491612711,360759.0,685339.3131025322
2021-11-08,251104863,0,5054205,0.1879351213212498,471029.0,686235.8927291548
2021-11-09,251572196,0,5062306,0.1861106927268071,467333.0,687125.4372086846
2021-11-10,252149324,0,5070583,0.2294084994988874,577128.0,688223.9708589555
2021-11-11,252670145,0,5078264,0.2065526061057375,520821.0,689215.3270126472
2021-11-12,253268010,0,5087293,0.2366187742520985,597865.0,690353.3324825243
2021-11-13,253709049,0,5093750,0.1741392448260638,441039.0,691192.8276769732
2021-11-14,254087547,0,5098387,0.1491858494964442,378498.0,691913.2792744702
2021-11-15,254614006,0,5105091,0.2071959079521516,526459.0,692915.3670729966
2021-11-16,255119474,0,5112782,0.1985232501310238,505468.0,693877.4995758992
2021-11-17,255738287,0,5121983,0.2425581200437878,618813.0,695055.378493098
2021-11-18,256359795,0,5130367,0.2430250109558292,621508.0,696238.3872050521
2021-11-19,256975937,0,5138374,0.2403426793191186,616142.0,697411.1820102689
2021-11-20,257476267,0,5144616,0.1946991636030108,500330.0,698363.5345927811
2021-11-21,257896926,0,5149188,0.163377776484541,420659.0,699164.237498877
2021-11-22,258498491,0,5156226,0.233257917932686,601565.0,700309.2857296425
2021-11-23,259088786,0,5164266,0.2283552982133269,590295.0,701432.8820914318
2021-11-24,259749821,0,5172889,0.2551384064920509,661035.0,702691.1284276117
2021-11-25,260348236,0,5180720,0.2303812944687265,598415.0,703830.1807943776
2021-11-26,260958536,0,5187603,0.2344167985835709,610300.0,704991.8556511864
2021-11-27,261442001,0,5193759,0.185265064485187,483465.0,705912.1065681897
2021-11-28,261872471,0,5198598,0.1646521975633134,430470.0,706731.4842113332
2021-11-29,262503351,0,5206035,0.2409111570952412,630880.0,707932.3320462727
2021-11-30,263103570,0,5214076,0.2286519382375427,600219.0,709074.8182348339
2021-12-01,263808393,0,5223401,0.267888041199897,704823.0,710416.4127909548
2021-12-02,264514416,0,5233564,0.2676271941052308,706023.0,711760.2914857421
2021-12-03,265243812,0,5242115,0.2757490540704594,729396.0,713148.6594914064
2021-12-04,265779007,0,5247925,0.2017747354648937,535195.0,714167.3758194251
2021-12-05,266238363,0,5255326,0.1728338160282162,459356.0,715041.7364871693
2021-12-06,266837354,0,5262171,0.2249829788804703,598991.0,716181.8852404951
2021-12-07,267477689,0,5270013,0.2399720243066119,640335.0,717400.7301846778
2021-12-08,268190740,0,5278327,0.2665833560420809,713051.0,718757.9863182553
2021-12-09,268888034,0,5286892,0.2599992826001375,697294.0,720085.2498076927
2021-12-10,269581599,0,5294954,0.2579382167672065,693565.0,721405.415336224
2021-12-11,270102238,0,5301315,0.1931285376788643,520639.0,722396.4250622179
2021-12-12,270557955,0,5305892,0.168720186613189,455717.0,723263.8590794558
2021-12-13,271168627,0,5312131,0.2257083884301239,610672.0,724426.2420192513
2021-12-14,271806819,0,5319931,0.2353487595746096,638192.0,725641.0078724654
2021-12-15,272546235,0,5329015,0.2720373251562905,739416.0,727048.448435995
2021-12-16,273288914,0,5336420,0.2724965178843875,742679.0,728462.0999532487
2021-12-17,274056452,0,5343698,0.2808522265926967,767538.0,729923.069306428
2021-12-18,274626704,0,5349753,0.2080782976786111,570252.0,731008.5148421398
2021-12-19,275139094,0,5354168,0.1865769033152726,512390.0,731983.8230182504
2021-12-20,275875635,0,5360781,0.2676976903907374,736541.0,733385.7911662249
2021-12-21,276632039,0,5368447,0.2741829665385274,756404.0,734825.5675194768
2021-12-22,277542581,0,5378823,0.3291527631042042,910542.0,736558.7376775439
2021-12-23,278549328,0,5386072,0.362736051661925,1006747.0,738475.0291359541
2021-12-24,279441137,0,5392175,0.3201619642751391,891809.0,740172.5419859882
2021-12-25,280143261,0,5396516,0.2512600712757621,702124.0,741508.9991335582
2021-12-26,280723328,0,5400289,0.2070608437730722,580067.0,742613.1270201133
2021-12-27,281991534,0,5406610,0.4517636667516281,1268206.0,745027.092321529
2021-12-28,283318084,0,5414187,0.4704219240851393,1326550.0,747552.1124449106
2021-12-29,285014489,0,5422062,0.5987634026213449,1696405.0,750781.1326570436
2021-12-30,286956973,0,5429648,0.6815386848631404,1942484.0,754478.5516682732
2021-12-31,288702918,0,5436385,0.6084344219786567,1745945.0,757801.8687383552
2022-01-01,289928499,0,5440821,0.4245128551142666,1225581.0,760134.6995308878
2022-01-02,290848465,0,5444100,0.3173078890737126,919966.0,761885.8077912827
2022-01-03,293207625,0,5449830,0.811130290819998,2359160.0,766376.3482716843
2022-01-04,295707620,0,5457794,0.8526364210344121,2499995.0,771134.960976334
2022-01-05,298281697,0,5465721,0.870480442810368,2574077.0,776034.5849815607
2022-01-06,300939650,0,5473352,0.8910881984153389,2657953.0,781093.8626657809
2022-01-07,303883455,0,5480605,0.9782044340119356,2943805.0,786697.2450217502
2022-01-08,306062481,0,5486154,0.7170597688511867,2179026.0,790844.9096400243
2022-01-09,308098481,0,5490156,0.6652236475858666,2036000.0,794720.331577535
2022-01-10,311286657,0,5496572,1.034791210152055,3188176.0,800788.8616418989
2022-01-11,314318499,0,5505829,0.9739710751559776,3031842.0,806559.8179276878
2022-01-12,317771465,0,5515029,1.0985564040887077,3452966.0,813132.3622233059
2022-01-13,320953420,0,5523359,1.0013344023825426,3181955.0,819189.0509321329
2022-01-14,324269276,0,5531354,1.0331268630818764,3315856.0,825500.6133506134
2022-01-15,326766141,0,5537758,0.7699974017889996,2496865.0,830253.2682602414
2022-01-16,328944049,0,5542128,0.6665035714333695,2177908.0,834398.8048226578
2022-01-17,331605207,0,5548217,0.8090001956533344,2661158.0,839464.1830605664
2022-01-18,335365768,0,5557505,1.134047632732136,3760561.0,846622.218717122
2022-01-19,339454794,0,5567559,1.2192735186973525,4089026.0,854405.4707129232
2022-01-20,343160300,0,5577247,1.0916051461037843,3705506.0,861458.7119909083
2022-01-21,346995996,0,5587202,1.1177563371986796,3835696.0,868759.7632797206
2022-01-22,349785095,0,5593449,0.8037842027433654,2789099.0,874068.6706719057
2022-01-23,352241709,0,5598467,0.7023209493817911,2456614.0,878744.7098603123
2022-01-24,355664142,0,5606968,0.971614920253524,3422433.0,885259.1361510099
2022-01-25,359315173,0,5617692,1.0265389643918617,3651031.0,892208.6870507798
2022-01-26,362977513,0,5628287,1.0192555937513943,3662340.0,899179.7640540326
2022-01-27,366733894,0,5638821,1.0348798108603494,3756381.0,906329.8432942331
2022-01-28,370353940,0,5651060,0.9871042898478318,3620046.0,913220.4158301848
2022-01-29,373094973,0,5659104,0.7401117428371357,2741033.0,918437.832048083
2022-01-30,375411593,0,5664764,0.6209196498608411,2316620.0,922847.3998127568
2022-01-31,378898305,0,5674484,0.9287704655407378,3486712.0,929484.1778945749
2022-02-01,382058803,0,5688480,0.8341283025797649,3160498.0,935500.0243005959
2022-02-02,385247362,0,5700656,0.8345728393019124,3188559.0,941569.2833858841
2022-02-03,388420043,0,5712365,0.8235438611517345,3172681.0,947608.3195097168
2022-02-04,391364751,0,5725509,0.7581246264369524,2944708.0,953213.4206800327
2022-02-05,393664575,0,5733888,0.5876420894123906,2299824.0,957591.0181171709
2022-02-06,395536584,0,5739758,0.4755340253818876,1872009.0,961154.2915679653
2022-02-07,398132675,0,5750605,0.656346620013283,2596091.0,966095.8180970291
2022-02-08,400757381,0,5763661,0.6592541041751974,2624706.0,971091.8118160449
2022-02-09,403196058,0,5776954,0.60851705186685,2438677.0,975733.7088417338
2022-02-10,405975896,0,5788716,0.6894506890243456,2779838.0,981024.9883937602
2022-02-11,408397574,0,5800898,0.5965078281396293,2421678.0,985634.528691789
2022-02-12,410316973,0,5809724,0.4699829583218826,1919399.0,989288.0065854217
2022-02-13,411834455,0,5814923,0.3698316423288685,1517482.0,992176.4560120315
2022-02-14,413533932,0,5825785,0.4126602277606909,1699477.0,995411.3236191508
2022-02-15,415413492,0,5836502,0.4545116747517589,1879560.0,998988.9700125041
2022-02-16,417650987,0,5849486,0.5386187601244304,2237495.0,1003247.927383855
2022-02-17,419707976,0,5861869,0.4925138606220988,2056989.0,1007163.3008100918
2022-02-18,421687213,0,5872514,0.4715747884667314,1979237.0,1010930.67727833
2022-02-19,423315769,0,5881022,0.38619999606201,1628556.0,1014030.5503868096
2022-02-20,424641031,0,5886415,0.3130670050706285,1325262.0,1016553.1188680223
2022-02-21,426036968,0,5893583,0.3287334237844764,1395937.0,1019210.2135994481
2022-02-22,427749047,0,5903733,0.401861605587241,1712079.0,1022469.0684694635
2022-02-23,429676087,0,5915748,0.4505071404635999,1927040.0,1026137.0906160551
2022-02-24,431444205,0,5926525,0.4115002099244122,1768118.0,1029502.6128583476
2022-02-25,433081005,0,5935378,0.3793769810861175,1636800.0,1032618.1779994662
2022-02-26,434510151,0,5941897,0.3299950779415966,1429146.0,1035338.4843650387
2022-02-27,435657010,0,5946387,0.263942970575157,1146859.0,1037521.4718541504
2022-02-28,437015803,0,5954001,0.3118951305294043,1358793.0,1040107.8648800522
2022-03-01,438639552,0,5962176,0.3715538405827397,1623749.0,1043198.5881097235
2022-03-02,440300042,0,5970165,0.378554554059001,1660490.0,1046359.2459550168
2022-03-03,442056325,0,5978342,0.3988832233633991,1756283.0,1049702.2408797108
2022-03-04,443810172,0,5986924,0.3967474054352689,1753847.0,1053040.599002912
2022-03-05,445279837,0,5992605,0.3311472094875734,1469665.0,1055838.0312140079
2022-03-06,446492187,0,5996677,0.2722669879166345,1212350.0,1058145.6774742934
2022-03-07,447915024,0,6004209,0.3186700778708139,1422837.0,1060853.9749808267
2022-03-08,449665818,0,6011475,0.3908763730148957,1750794.0,1064186.5218745703
2022-03-09,451505161,0,6019271,0.4090466578449154,1839343.0,1067687.6172639646
2022-03-10,453366072,0,6026792,0.4121571934811173,1860911.0,1071229.7662389914
2022-03-11,455216502,0,6033268,0.4081536123417722,1850430.0,1074751.9651662153
2022-03-12,456964861,0,6037979,0.3840719728565552,1748359.0,1078079.877161915
2022-03-13,458246184,0,6041327,0.2803985840828142,1281323.0,1080518.8100024045
2022-03-14,459875566,0,6046593,0.355569136610639,1629382.0,1083620.2553596664
2022-03-15,461678072,0,6051908,0.3919551577132497,1802506.0,1087051.2334023453
2022-03-16,463901519,0,6058692,0.4816011707829173,2223447.0,1091283.451123707
2022-03-17,465954428,0,6065766,0.4425312088706483,2052909.0,1095191.0584784776
2022-03-18,467868149,0,6071185,0.4107099074504342,1913721.0,1098833.7285893199
2022-03-19,469577252,0,6075019,0.3652958645834213,1709103.0,1102086.9187954424
2022-03-20,470647389,0,6078084,0.2278937055494332,1070137.0,1104123.869878911
2022-03-21,472118029,0,6094399,0.3124717217968036,1470640.0,1106923.1579526735
2022-03-22,474093465,0,6099303,0.4184199455767871,1975436.0,1110683.2994116854
2022-03-23,475866103,0,6105144,0.3739005345707518,1772638.0,1114057.425242955
2022-03-24,477617482,0,6110404,0.3680402930485679,1751379.0,1117391.0856542985
2022-03-25,479458583,0,6119371,0.3854760492204931,1841101.0,1120895.5273068394
2022-03-26,480815100,0,6122298,0.2829268362477098,1356517.0,1123477.5880830702
2022-03-27,481727049,0,6124662,0.1896672962226019,911949.0,1125213.4363937238
2022-03-28,483219734,0,6128734,0.3098611554195704,1492685.0,1128054.685998239
2022-03-29,484968478,0,6133504,0.3618941605559511,1748744.0,1131383.3308217607
2022-03-30,486560758,0,6138489,0.3283264938303887,1592280.0,1134414.1544183518
2022-03-31,488406809,0,6143294,0.3794081149470751,1846051.0,1137928.0181428918
2022-04-01,489571518,0,6147833,0.2384710815937867,1164709.0,1140144.982194668
2022-04-02,490616434,0,6150482,0.2134348019812704,1044916.0,1142133.926393713
2022-04-03,491405149,0,6152101,0.160760004219508,788715.0,1143635.2050840096
2022-04-04,492310289,0,6155027,0.184194244167352,905140.0,1145358.0928111798
2022-04-05,493669057,0,6159243,0.2759982942383721,1358768.0,1147944.4382508593
2022-04-06,495122641,0,6166840,0.2944450293954721,1453584.0,1150711.2611003753
2022-04-07,496338419,0,6170907,0.2455508795850036,1215778.0,1153025.4323834514
2022-04-08,497531675,0,6175012,0.240411774370422,1193256.0,1155296.7341906547
2022-04-09,498299996,0,6177309,0.1544265498272044,768321.0,1156759.193944314
2022-04-10,498868313,0,6178789,0.1140511749070935,568317.0,1157840.956306426
2022-04-11,499843502,0,6181737,0.1954802449038289,975189.0,1159697.1787248047
2022-04-12,500880363,0,6185040,0.2074371269909997,1036861.0,1161670.790643051
2022-04-13,501920234,0,6189593,0.2076086580379674,1039871.0,1163650.1319424524
2022-04-14,502892186,0,6193401,0.1936467060222162,971952.0,1165500.192896778
2022-04-15,503606396,0,6195647,0.1420205005929442,714210.0,1166859.6551276178
2022-04-16,504155459,0,6197159,0.1090262165772811,549063.0,1167904.7684848257
